procedure_ID,procedure_Def
023 , CRANIOTOMY W MAJOR DEVICE IMPLANT OR ACUTE CNS PDX W MCC OR CHEMOTHE
025 , CRANIOTOMY & ENDOVASCULAR INTRACRANIAL PROCEDURES W MCC
027 , CRANIOTOMY & ENDOVASCULAR INTRACRANIAL PROCEDURES W/O CC/MCC
037 , EXTRACRANIAL PROCEDURES W MCC
038 , EXTRACRANIAL PROCEDURES W CC
039 , EXTRACRANIAL PROCEDURES W/O CC/MCC
054 , NERVOUS SYSTEM NEOPLASMS W MCC
056 , DEGENERATIVE NERVOUS SYSTEM DISORDERS W MCC
057 , DEGENERATIVE NERVOUS SYSTEM DISORDERS W/O MCC
062 ," ISCHEMIC STROKE, PRECEREBRAL OCCLUSION OR TRANSIENT ISCHEMIA W THROM"
064 , INTRACRANIAL HEMORRHAGE OR CEREBRAL INFARCTION W MCC
065 , INTRACRANIAL HEMORRHAGE OR CEREBRAL INFARCTION W CC OR TPA IN 24 HRS
066 , INTRACRANIAL HEMORRHAGE OR CEREBRAL INFARCTION W/O CC/MCC
069 , TRANSIENT ISCHEMIA
070 , NONSPECIFIC CEREBROVASCULAR DISORDERS W MCC
071 , NONSPECIFIC CEREBROVASCULAR DISORDERS W CC
073 , CRANIAL & PERIPHERAL NERVE DISORDERS W MCC
074 , CRANIAL & PERIPHERAL NERVE DISORDERS W/O MCC
086 ," TRAUMATIC STUPOR & COMA, COMA <1 HR W CC"
087 ," TRAUMATIC STUPOR & COMA, COMA <1 HR W/O CC/MCC"
091 , OTHER DISORDERS OF NERVOUS SYSTEM W MCC
092 , OTHER DISORDERS OF NERVOUS SYSTEM W CC
100 , SEIZURES W MCC
101 , SEIZURES W/O MCC
103 , HEADACHES W/O MCC
149 , DYSEQUILIBRIUM
163 , MAJOR CHEST PROCEDURES W MCC
164 , MAJOR CHEST PROCEDURES W CC
166 , OTHER RESP SYSTEM O.R. PROCEDURES W MCC
176 , PULMONARY EMBOLISM W/O MCC
177 , RESPIRATORY INFECTIONS & INFLAMMATIONS W MCC
180 , RESPIRATORY NEOPLASMS W MCC
189 , PULMONARY EDEMA & RESPIRATORY FAILURE
190 , CHRONIC OBSTRUCTIVE PULMONARY DISEASE W MCC
191 , CHRONIC OBSTRUCTIVE PULMONARY DISEASE W CC
192 , CHRONIC OBSTRUCTIVE PULMONARY DISEASE W/O CC/MCC
193 , SIMPLE PNEUMONIA & PLEURISY W MCC
194 , SIMPLE PNEUMONIA & PLEURISY W CC
195 , SIMPLE PNEUMONIA & PLEURISY W/O CC/MCC
202 , BRONCHITIS & ASTHMA W CC/MCC
203 , BRONCHITIS & ASTHMA W/O CC/MCC
207 , RESPIRATORY SYSTEM DIAGNOSIS W VENTILATOR SUPPORT >96 HOURS
208 , RESPIRATORY SYSTEM DIAGNOSIS W VENTILATOR SUPPORT <=96 HOURS
216 , CARDIAC VALVE & OTH MAJ CARDIOTHORACIC PROC W CARD CATH W MCC
229 , OTHER CARDIOTHORACIC PROCEDURES W/O MCC
233 , CORONARY BYPASS W CARDIAC CATH W MCC
234 , CORONARY BYPASS W CARDIAC CATH W/O MCC
236 , CORONARY BYPASS W/O CARDIAC CATH W/O MCC
242 , PERMANENT CARDIAC PACEMAKER IMPLANT W MCC
243 , PERMANENT CARDIAC PACEMAKER IMPLANT W CC
244 , PERMANENT CARDIAC PACEMAKER IMPLANT W/O CC/MCC
246 , PERC CARDIOVASC PROC W DRUG
247 , PERC CARDIOVASC PROC W DRUG
252 , OTHER VASCULAR PROCEDURES W MCC
264 , OTHER CIRCULATORY SYSTEM O.R. PROCEDURES
269 , AORTIC AND HEART ASSIST PROCEDURES EXCEPT PULSATION BALLOON W/O MCC
270 , OTHER MAJOR CARDIOVASCULAR PROCEDURES W MCC
271 , OTHER MAJOR CARDIOVASCULAR PROCEDURES W CC
280 ," ACUTE MYOCARDIAL INFARCTION, DISCHARGED ALIVE W MCC"
281 ," ACUTE MYOCARDIAL INFARCTION, DISCHARGED ALIVE W CC"
282 ," ACUTE MYOCARDIAL INFARCTION, DISCHARGED ALIVE W/O CC/MCC"
283 ," ACUTE MYOCARDIAL INFARCTION, EXPIRED W MCC"
286 ," CIRCULATORY DISORDERS EXCEPT AMI, W CARD CATH W MCC"
287 ," CIRCULATORY DISORDERS EXCEPT AMI, W CARD CATH W/O MCC"
291 , HEART FAILURE & SHOCK W MCC
292 , HEART FAILURE & SHOCK W CC
293 , HEART FAILURE & SHOCK W/O CC/MCC
299 , PERIPHERAL VASCULAR DISORDERS W MCC
300 , PERIPHERAL VASCULAR DISORDERS W CC
303 , ATHEROSCLEROSIS W/O MCC
304 , HYPERTENSION W MCC
305 , HYPERTENSION W/O MCC
308 , CARDIAC ARRHYTHMIA & CONDUCTION DISORDERS W MCC
309 , CARDIAC ARRHYTHMIA & CONDUCTION DISORDERS W CC
310 , CARDIAC ARRHYTHMIA & CONDUCTION DISORDERS W/O CC/MCC
312 , SYNCOPE & COLLAPSE
313 , CHEST PAIN
314 , OTHER CIRCULATORY SYSTEM DIAGNOSES W MCC
315 , OTHER CIRCULATORY SYSTEM DIAGNOSES W CC
329 , MAJOR SMALL & LARGE BOWEL PROCEDURES W MCC
330 , MAJOR SMALL & LARGE BOWEL PROCEDURES W CC
331 , MAJOR SMALL & LARGE BOWEL PROCEDURES W/O CC/MCC
356 , OTHER DIGESTIVE SYSTEM O.R. PROCEDURES W MCC
371 , MAJOR GASTROINTESTINAL DISORDERS & PERITONEAL INFECTIONS W MCC
372 , MAJOR GASTROINTESTINAL DISORDERS & PERITONEAL INFECTIONS W CC
377 , G.I. HEMORRHAGE W MCC
378 , G.I. HEMORRHAGE W CC
388 , G.I. OBSTRUCTION W MCC
389 , G.I. OBSTRUCTION W CC
390 , G.I. OBSTRUCTION W/O CC/MCC
391 ," ESOPHAGITIS, GASTROENT & MISC DIGEST DISORDERS W MCC"
392 ," ESOPHAGITIS, GASTROENT & MISC DIGEST DISORDERS W/O MCC"
393 , OTHER DIGESTIVE SYSTEM DIAGNOSES W MCC
394 , OTHER DIGESTIVE SYSTEM DIAGNOSES W CC
417 , LAPAROSCOPIC CHOLECYSTECTOMY W/O C.D.E. W MCC
418 , LAPAROSCOPIC CHOLECYSTECTOMY W/O C.D.E. W CC
419 , LAPAROSCOPIC CHOLECYSTECTOMY W/O C.D.E. W/O CC/MCC
432 , CIRRHOSIS & ALCOHOLIC HEPATITIS W MCC
435 , MALIGNANCY OF HEPATOBILIARY SYSTEM OR PANCREAS W MCC
439 , DISORDERS OF PANCREAS EXCEPT MALIGNANCY W CC
440 , DISORDERS OF PANCREAS EXCEPT MALIGNANCY W/O CC/MCC
441 ," DISORDERS OF LIVER EXCEPT MALIG,CIRR,ALC HEPA W MCC"
442 ," DISORDERS OF LIVER EXCEPT MALIG,CIRR,ALC HEPA W CC"
460 , SPINAL FUSION EXCEPT CERVICAL W/O MCC
467 , REVISION OF HIP OR KNEE REPLACEMENT W CC
469 , MAJOR HIP AND KNEE JOINT REPLACEMENT OR REATTACHMENT OF LOWER EXTREM
470 , MAJOR JOINT REPLACEMENT OR REATTACHMENT OF LOWER EXTREMITY W/O MCC
472 , CERVICAL SPINAL FUSION W CC
473 , CERVICAL SPINAL FUSION W/O CC/MCC
480 , HIP & FEMUR PROCEDURES EXCEPT MAJOR JOINT W MCC
481 , HIP & FEMUR PROCEDURES EXCEPT MAJOR JOINT W CC
483 , MAJOR JOINT/LIMB REATTACHMENT PROCEDURE OF UPPER EXTREMITIES
493 ," LOWER EXTREM & HUMER PROC EXCEPT HIP,FOOT,FEMUR W CC"
516 , OTHER MUSCULOSKELET SYS & CONN TISS O.R. PROC W CC
536 , FRACTURES OF HIP & PELVIS W/O MCC
543 , PATHOLOGICAL FRACTURES & MUSCULOSKELET & CONN TISS MALIG W CC
551 , MEDICAL BACK PROBLEMS W MCC
552 , MEDICAL BACK PROBLEMS W/O MCC
563 ," FX, SPRN, STRN & DISL EXCEPT FEMUR, HIP, PELVIS & THIGH W/O MCC"
603 , CELLULITIS W/O MCC
637 , DIABETES W MCC
638 , DIABETES W CC
639 , DIABETES W/O CC/MCC
640 ," MISC DISORDERS OF NUTRITION,METABOLISM,FLUIDS/ELECTROLYTES W MCC"
641 ," MISC DISORDERS OF NUTRITION,METABOLISM,FLUIDS/ELECTROLYTES W/O MCC"
658 , KIDNEY & URETER PROCEDURES FOR NEOPLASM W/O CC/MCC
673 , OTHER KIDNEY & URINARY TRACT PROCEDURES W MCC
682 , RENAL FAILURE W MCC
683 , RENAL FAILURE W CC
689 , KIDNEY & URINARY TRACT INFECTIONS W MCC
690 , KIDNEY & URINARY TRACT INFECTIONS W/O MCC
698 , OTHER KIDNEY & URINARY TRACT DIAGNOSES W MCC
699 , OTHER KIDNEY & URINARY TRACT DIAGNOSES W CC
708 , MAJOR MALE PELVIC PROCEDURES W/O CC/MCC
781 , OTHER ANTEPARTUM DIAGNOSES W MEDICAL COMPLICATIONS
811 , RED BLOOD CELL DISORDERS W MCC
812 , RED BLOOD CELL DISORDERS W/O MCC
813 , COAGULATION DISORDERS
840 , LYMPHOMA & NON
853 , INFECTIOUS & PARASITIC DISEASES W O.R. PROCEDURE W MCC
854 , INFECTIOUS & PARASITIC DISEASES W O.R. PROCEDURE W CC
862 , POSTOPERATIVE & POST
870 , SEPTICEMIA OR SEVERE SEPSIS W MV >96 HOURS
871 , SEPTICEMIA OR SEVERE SEPSIS W/O MV >96 HOURS W MCC
872 , SEPTICEMIA OR SEVERE SEPSIS W/O MV >96 HOURS W/O MCC
881 , DEPRESSIVE NEUROSES
884 , ORGANIC DISTURBANCES & INTELLECTUAL DISABILITY
885 , PSYCHOSES
896 , ALCOHOL/DRUG ABUSE OR DEPENDENCE W/O REHABILITATION THERAPY W MCC
897 , ALCOHOL/DRUG ABUSE OR DEPENDENCE W/O REHABILITATION THERAPY W/O MCC
917 , POISONING & TOXIC EFFECTS OF DRUGS W MCC
918 , POISONING & TOXIC EFFECTS OF DRUGS W/O MCC
919 , COMPLICATIONS OF TREATMENT W MCC
920 , COMPLICATIONS OF TREATMENT W CC
981 , EXTENSIVE O.R. PROCEDURE UNRELATED TO PRINCIPAL DIAGNOSIS W MCC
982 , EXTENSIVE O.R. PROCEDURE UNRELATED TO PRINCIPAL DIAGNOSIS W CC
178 , RESPIRATORY INFECTIONS & INFLAMMATIONS W CC
253 , OTHER VASCULAR PROCEDURES W CC
254 , OTHER VASCULAR PROCEDURES W/O CC/MCC
379 , G.I. HEMORRHAGE W/O CC/MCC
482 , HIP & FEMUR PROCEDURES EXCEPT MAJOR JOINT W/O CC/MCC
621 , O.R. PROCEDURES FOR OBESITY W/O CC/MCC
684 , RENAL FAILURE W/O CC/MCC
948 , SIGNS & SYMPTOMS W/O MCC
175 , PULMONARY EMBOLISM W MCC
199 , PNEUMOTHORAX W MCC
206 , OTHER RESPIRATORY SYSTEM DIAGNOSES W/O MCC
251 , PERC CARDIOVASC PROC W/O CORONARY ARTERY STENT W/O MCC
268 , AORTIC AND HEART ASSIST PROCEDURES EXCEPT PULSATION BALLOON W MCC
301 , PERIPHERAL VASCULAR DISORDERS W/O CC/MCC
445 , DISORDERS OF THE BILIARY TRACT W CC
669 , TRANSURETHRAL PROCEDURES W CC
004 ," TRACH W MV >96 HRS OR PDX EXC FACE, MOUTH & NECK W/O MAJ O.R."
220 , CARDIAC VALVE & OTH MAJ CARDIOTHORACIC PROC W/O CARD CATH W CC
266 , ENDOVASCULAR CARDIAC VALVE REPLACEMENT W MCC
327 ," STOMACH, ESOPHAGEAL & DUODENAL PROC W CC"
602 , CELLULITIS W MCC
249 , PERC CARDIOVASC PROC W NON
694 , URINARY STONES W/O ESW LITHOTRIPSY W/O MCC
153 , OTITIS MEDIA & URI W/O MCC
895 , ALCOHOL/DRUG ABUSE OR DEPENDENCE W REHABILITATION THERAPY
003 ," ECMO OR TRACH W MV >96 HRS OR PDX EXC FACE, MOUTH & NECK W MAJ O.R."
186 , PLEURAL EFFUSION W MCC
187 , PLEURAL EFFUSION W CC
204 , RESPIRATORY SIGNS & SYMPTOMS
239 , AMPUTATION FOR CIRC SYS DISORDERS EXC UPPER LIMB & TOE W MCC
240 , AMPUTATION FOR CIRC SYS DISORDERS EXC UPPER LIMB & TOE W CC
438 , DISORDERS OF PANCREAS EXCEPT MALIGNANCY W MCC
455 , COMBINED ANTERIOR/POSTERIOR SPINAL FUSION W/O CC/MCC
494 ," LOWER EXTREM & HUMER PROC EXCEPT HIP,FOOT,FEMUR W/O CC/MCC"
517 , OTHER MUSCULOSKELET SYS & CONN TISS O.R. PROC W/O CC/MCC
617 ," AMPUTAT OF LOWER LIMB FOR ENDOCRINE,NUTRIT,& METABOL DIS W CC"
462 , BILATERAL OR MULTIPLE MAJOR JOINT PROCS OF LOWER EXTREMITY W/O MCC
001 , HEART TRANSPLANT OR IMPLANT OF HEART ASSIST SYSTEM W MCC
005 , LIVER TRANSPLANT W MCC OR INTESTINAL TRANSPLANT
006 , LIVER TRANSPLANT W/O MCC
011 ," TRACHEOSTOMY FOR FACE,MOUTH & NECK DIAGNOSES W MCC"
012 ," TRACHEOSTOMY FOR FACE,MOUTH & NECK DIAGNOSES W CC"
013 ," TRACHEOSTOMY FOR FACE,MOUTH & NECK DIAGNOSES W/O CC/MCC"
016 , AUTOLOGOUS BONE MARROW TRANSPLANT W CC/MCC
020 , INTRACRANIAL VASCULAR PROCEDURES W PDX HEMORRHAGE W MCC
024 , CRANIO W MAJOR DEV IMPL/ACUTE COMPLEX CNS PDX W/O MCC
026 , CRANIOTOMY & ENDOVASCULAR INTRACRANIAL PROCEDURES W CC
029 , SPINAL PROCEDURES W CC OR SPINAL NEUROSTIMULATORS
040 , PERIPH/CRANIAL NERVE & OTHER NERV SYST PROC W MCC
055 , NERVOUS SYSTEM NEOPLASMS W/O MCC
082 ," TRAUMATIC STUPOR & COMA, COMA >1 HR W MCC"
083 ," TRAUMATIC STUPOR & COMA, COMA >1 HR W CC"
085 ," TRAUMATIC STUPOR & COMA, COMA <1 HR W MCC"
093 , OTHER DISORDERS OF NERVOUS SYSTEM W/O CC/MCC
129 , MAJOR HEAD & NECK PROCEDURES W CC/MCC OR MAJOR DEVICE
130 , MAJOR HEAD & NECK PROCEDURES W/O CC/MCC
131 , CRANIAL/FACIAL PROCEDURES W CC/MCC
133 ," OTHER EAR, NOSE, MOUTH & THROAT O.R. PROCEDURES W CC/MCC"
134 ," OTHER EAR, NOSE, MOUTH & THROAT O.R. PROCEDURES W/O CC/MCC"
165 , MAJOR CHEST PROCEDURES W/O CC/MCC
167 , OTHER RESP SYSTEM O.R. PROCEDURES W CC
168 , OTHER RESP SYSTEM O.R. PROCEDURES W/O CC/MCC
196 , INTERSTITIAL LUNG DISEASE W MCC
197 , INTERSTITIAL LUNG DISEASE W CC
200 , PNEUMOTHORAX W CC
205 , OTHER RESPIRATORY SYSTEM DIAGNOSES W MCC
219 , CARDIAC VALVE & OTH MAJ CARDIOTHORACIC PROC W/O CARD CATH W MCC
228 , OTHER CARDIOTHORACIC PROCEDURES W MCC
235 , CORONARY BYPASS W/O CARDIAC CATH W MCC
267 , ENDOVASCULAR CARDIAC VALVE REPLACEMENT W/O MCC
273 , PERCUTANEOUS INTRACARDIAC PROCEDURES W MCC
274 , PERCUTANEOUS INTRACARDIAC PROCEDURES W/O MCC
306 , CARDIAC CONGENITAL & VALVULAR DISORDERS W MCC
326 ," STOMACH, ESOPHAGEAL & DUODENAL PROC W MCC"
328 ," STOMACH, ESOPHAGEAL & DUODENAL PROC W/O CC/MCC"
354 , HERNIA PROCEDURES EXCEPT INGUINAL & FEMORAL W CC
355 , HERNIA PROCEDURES EXCEPT INGUINAL & FEMORAL W/O CC/MCC
357 , OTHER DIGESTIVE SYSTEM O.R. PROCEDURES W CC
374 , DIGESTIVE MALIGNANCY W MCC
375 , DIGESTIVE MALIGNANCY W CC
386 , INFLAMMATORY BOWEL DISEASE W CC
405 ," PANCREAS, LIVER & SHUNT PROCEDURES W MCC"
406 ," PANCREAS, LIVER & SHUNT PROCEDURES W CC"
407 ," PANCREAS, LIVER & SHUNT PROCEDURES W/O CC/MCC"
433 , CIRRHOSIS & ALCOHOLIC HEPATITIS W CC
444 , DISORDERS OF THE BILIARY TRACT W MCC
456 , SPINAL FUS EXC CERV W SPINAL CURV/MALIG/INFEC OR EXT FUS W MCC
457 , SPINAL FUS EXC CERV W SPINAL CURV/MALIG/INFEC OR EXT FUS W CC
459 , SPINAL FUSION EXCEPT CERVICAL W MCC
463 ," WND DEBRID & SKN GRFT EXC HAND, FOR MUSCULO"
464 ," WND DEBRID & SKN GRFT EXC HAND, FOR MUSCULO"
466 , REVISION OF HIP OR KNEE REPLACEMENT W MCC
475 , AMPUTATION FOR MUSCULOSKELETAL SYS & CONN TISSUE DIS W CC
478 , BIOPSIES OF MUSCULOSKELETAL SYSTEM & CONNECTIVE TISSUE W CC
492 ," LOWER EXTREM & HUMER PROC EXCEPT HIP,FOOT,FEMUR W MCC"
501 , SOFT TISSUE PROCEDURES W CC
515 , OTHER MUSCULOSKELET SYS & CONN TISS O.R. PROC W MCC
518 , BACK & NECK PROC EXC SPINAL FUSION W MCC OR DISC DEVICE/NEUROSTIM
519 , BACK & NECK PROC EXC SPINAL FUSION W CC
554 , BONE DISEASES & ARTHROPATHIES W/O MCC
580 ," OTHER SKIN, SUBCUT TISS & BREAST PROC W CC"
607 , MINOR SKIN DISORDERS W/O MCC
623 ," SKIN GRAFTS & WOUND DEBRID FOR ENDOC, NUTRIT & METAB DIS W CC"
643 , ENDOCRINE DISORDERS W MCC
644 , ENDOCRINE DISORDERS W CC
652 , KIDNEY TRANSPLANT
656 , KIDNEY & URETER PROCEDURES FOR NEOPLASM W MCC
657 , KIDNEY & URETER PROCEDURES FOR NEOPLASM W CC
659 , KIDNEY & URETER PROCEDURES FOR NON
660 , KIDNEY & URETER PROCEDURES FOR NON
674 , OTHER KIDNEY & URINARY TRACT PROCEDURES W CC
737 , UTERINE & ADNEXA PROC FOR OVARIAN OR ADNEXAL MALIGNANCY W CC
740 ," UTERINE,ADNEXA PROC FOR NON"
742 , UTERINE & ADNEXA PROC FOR NON
743 , UTERINE & ADNEXA PROC FOR NON
748 , FEMALE REPRODUCTIVE SYSTEM RECONSTRUCTIVE PROCEDURES
765 , CESAREAN SECTION W CC/MCC
775 , VAGINAL DELIVERY W/O COMPLICATING DIAGNOSES
808 , MAJOR HEMATOL/IMMUN DIAG EXC SICKLE CELL CRISIS & COAGUL W MCC
809 , MAJOR HEMATOL/IMMUN DIAG EXC SICKLE CELL CRISIS & COAGUL W CC
822 , LYMPHOMA & LEUKEMIA W MAJOR O.R. PROCEDURE W/O CC/MCC
827 , MYELOPROLIF DISORD OR POORLY DIFF NEOPL W MAJ O.R. PROC W CC
834 , ACUTE LEUKEMIA W/O MAJOR O.R. PROCEDURE W MCC
837 , CHEMO W ACUTE LEUKEMIA AS SDX OR W HIGH DOSE CHEMO AGENT W MCC
838 , CHEMO W ACUTE LEUKEMIA AS SDX W CC OR HIGH DOSE CHEMO AGENT
841 , LYMPHOMA & NON
846 , CHEMOTHERAPY W/O ACUTE LEUKEMIA AS SECONDARY DIAGNOSIS W MCC
847 , CHEMOTHERAPY W/O ACUTE LEUKEMIA AS SECONDARY DIAGNOSIS W CC
856 , POSTOPERATIVE OR POST
857 , POSTOPERATIVE OR POST
863 , POSTOPERATIVE & POST
866 , VIRAL ILLNESS W/O MCC
880 , ACUTE ADJUSTMENT REACTION & PSYCHOSOCIAL DYSFUNCTION
907 , OTHER O.R. PROCEDURES FOR INJURIES W MCC
908 , OTHER O.R. PROCEDURES FOR INJURIES W CC
928 , FULL THICKNESS BURN W SKIN GRAFT OR INHAL INJ W CC/MCC
935 , NON
947 , SIGNS & SYMPTOMS W MCC
956 ," LIMB REATTACHMENT, HIP & FEMUR PROC FOR MULTIPLE SIGNIFICANT TRAUMA"
957 , OTHER O.R. PROCEDURES FOR MULTIPLE SIGNIFICANT TRAUMA W MCC
958 , OTHER O.R. PROCEDURES FOR MULTIPLE SIGNIFICANT TRAUMA W CC
963 , OTHER MULTIPLE SIGNIFICANT TRAUMA W MCC
964 , OTHER MULTIPLE SIGNIFICANT TRAUMA W CC
974 , HIV W MAJOR RELATED CONDITION W MCC
975 , HIV W MAJOR RELATED CONDITION W CC
983 , EXTENSIVE O.R. PROCEDURE UNRELATED TO PRINCIPAL DIAGNOSIS W/O CC/MCC
987 , NON
033 , VENTRICULAR SHUNT PROCEDURES W/O CC/MCC
068 , NONSPECIFIC CVA & PRECEREBRAL OCCLUSION W/O INFARCT W/O MCC
184 , MAJOR CHEST TRAUMA W CC
221 , CARDIAC VALVE & OTH MAJ CARDIOTHORACIC PROC W/O CARD CATH W/O CC/MCC
227 , CARDIAC DEFIBRILLATOR IMPLANT W/O CARDIAC CATH W/O MCC
250 , PERC CARDIOVASC PROC W/O CORONARY ARTERY STENT W MCC
302 , ATHEROSCLEROSIS W MCC
337 , PERITONEAL ADHESIOLYSIS W/O CC/MCC
373 , MAJOR GASTROINTESTINAL DISORDERS & PERITONEAL INFECTIONS W/O CC/MCC
395 , OTHER DIGESTIVE SYSTEM DIAGNOSES W/O CC/MCC
436 , MALIGNANCY OF HEPATOBILIARY SYSTEM OR PANCREAS W CC
454 , COMBINED ANTERIOR/POSTERIOR SPINAL FUSION W CC
465 ," WND DEBRID & SKN GRFT EXC HAND, FOR MUSCULO"
468 , REVISION OF HIP OR KNEE REPLACEMENT W/O CC/MCC
471 , CERVICAL SPINAL FUSION W MCC
520 , BACK & NECK PROC EXC SPINAL FUSION W/O CC/MCC
546 , CONNECTIVE TISSUE DISORDERS W CC
556 , SIGNS & SYMPTOMS OF MUSCULOSKELETAL SYSTEM & CONN TISSUE W/O MCC
558 ," TENDONITIS, MYOSITIS & BURSITIS W/O MCC"
579 ," OTHER SKIN, SUBCUT TISS & BREAST PROC W MCC"
605 ," TRAUMA TO THE SKIN, SUBCUT TISS & BREAST W/O MCC"
645 , ENDOCRINE DISORDERS W/O CC/MCC
864 , FEVER
988 , NON
883 , DISORDERS OF PERSONALITY & IMPULSE CONTROL
311 , ANGINA PECTORIS
181 , RESPIRATORY NEOPLASMS W CC
041 , PERIPH/CRANIAL NERVE & OTHER NERV SYST PROC W CC OR PERIPH NEUROSTIM
248 , PERC CARDIOVASC PROC W NON
707 , MAJOR MALE PELVIC PROCEDURES W CC/MCC
336 , PERITONEAL ADHESIOLYSIS W CC
713 , TRANSURETHRAL PROSTATECTOMY W CC/MCC
179 , RESPIRATORY INFECTIONS & INFLAMMATIONS W/O CC/MCC
261 , CARDIAC PACEMAKER REVISION EXCEPT DEVICE REPLACEMENT W CC
316 , OTHER CIRCULATORY SYSTEM DIAGNOSES W/O CC/MCC
562 ," FX, SPRN, STRN & DISL EXCEPT FEMUR, HIP, PELVIS & THIGH W MCC"
581 ," OTHER SKIN, SUBCUT TISS & BREAST PROC W/O CC/MCC"
628 ," OTHER ENDOCRINE, NUTRIT & METAB O.R. PROC W MCC"
035 , CAROTID ARTERY STENT PROCEDURE W CC
036 , CAROTID ARTERY STENT PROCEDURE W/O CC/MCC
215 , OTHER HEART ASSIST SYSTEM IMPLANT
272 , OTHER MAJOR CARDIOVASCULAR PROCEDURES W/O CC/MCC
592 , SKIN ULCERS W MCC
620 , O.R. PROCEDURES FOR OBESITY W CC
696 , KIDNEY & URINARY TRACT SIGNS & SYMPTOMS W/O MCC
916 , ALLERGIC REACTIONS W/O MCC
061 , ACUTE ISCHEMIC STROKE W USE OF THROMBOLYTIC AGENT W MCC
084 ," TRAUMATIC STUPOR & COMA, COMA >1 HR W/O CC/MCC"
542 , PATHOLOGICAL FRACTURES & MUSCULOSKELET & CONN TISS MALIG W MCC
544 , PATHOLOGICAL FRACTURES & MUSCULOSKELET & CONN TISS MALIG W/O CC/MCC
560 ," AFTERCARE, MUSCULOSKELETAL SYSTEM & CONNECTIVE TISSUE W CC"
335 , PERITONEAL ADHESIOLYSIS W MCC
345 , MINOR SMALL & LARGE BOWEL PROCEDURES W CC
728 , INFLAMMATION OF THE MALE REPRODUCTIVE SYSTEM W/O MCC
007 , LUNG TRANSPLANT
028 , SPINAL PROCEDURES W MCC
031 , VENTRICULAR SHUNT PROCEDURES W MCC
032 , VENTRICULAR SHUNT PROCEDURES W CC
614 , ADRENAL & PITUITARY PROCEDURES W CC/MCC
535 , FRACTURES OF HIP & PELVIS W MCC
017 , AUTOLOGOUS BONE MARROW TRANSPLANT W/O CC/MCC
446 , DISORDERS OF THE BILIARY TRACT W/O CC/MCC
627 ," THYROID, PARATHYROID & THYROGLOSSAL PROCEDURES W/O CC/MCC"
571 , SKIN DEBRIDEMENT W CC
629 ," OTHER ENDOCRINE, NUTRIT & METAB O.R. PROC W CC"
573 , SKIN GRAFT FOR SKIN ULCER OR CELLULITIS W MCC
902 , WOUND DEBRIDEMENTS FOR INJURIES W CC
904 , SKIN GRAFTS FOR INJURIES W CC/MCC
014 , ALLOGENEIC BONE MARROW TRANSPLANT
545 , CONNECTIVE TISSUE DISORDERS W MCC
654 , MAJOR BLADDER PROCEDURES W CC
821 , LYMPHOMA & LEUKEMIA W MAJOR O.R. PROCEDURE W CC
226 , CARDIAC DEFIBRILLATOR IMPLANT W/O CARDIAC CATH W MCC
489 , KNEE PROCEDURES W/O PDX OF INFECTION W/O CC/MCC
217 , CARDIAC VALVE & OTH MAJ CARDIOTHORACIC PROC W CARD CATH W CC
225 , CARDIAC DEFIB IMPLANT W CARDIAC CATH W/O AMI/HF/SHOCK W/O MCC
458 , SPINAL FUS EXC CERV W SPINAL CURV/MALIG/INFEC OR EXT FUS W/O CC/MCC
384 , UNCOMPLICATED PEPTIC ULCER W/O MCC
498 , LOCAL EXCISION & REMOVAL INT FIX DEVICES OF HIP & FEMUR W CC/MCC
642 , INBORN AND OTHER DISORDERS OF METABOLISM
823 , LYMPHOMA & NON
824 , LYMPHOMA & NON
909 , OTHER O.R. PROCEDURES FOR INJURIES W/O CC/MCC
714 , TRANSURETHRAL PROSTATECTOMY W/O CC/MCC
882 , NEUROSES EXCEPT DEPRESSIVE
741 ," UTERINE,ADNEXA PROC FOR NON"
949 , AFTERCARE W CC/MCC
453 , COMBINED ANTERIOR/POSTERIOR SPINAL FUSION W MCC
380 , COMPLICATED PEPTIC ULCER W MCC
381 , COMPLICATED PEPTIC ULCER W CC
923 ," OTHER INJURY, POISONING & TOXIC EFFECT DIAG W/O MCC"
940 , O.R. PROC W DIAGNOSES OF OTHER CONTACT W HEALTH SERVICES W CC
369 , MAJOR ESOPHAGEAL DISORDERS W CC
152 , OTITIS MEDIA & URI W MCC
570 , SKIN DEBRIDEMENT W MCC
894 ," ALCOHOL/DRUG ABUSE OR DEPENDENCE, LEFT AMA"
072 , NONSPECIFIC CEREBROVASCULAR DISORDERS W/O CC/MCC
557 ," TENDONITIS, MYOSITIS & BURSITIS W MCC"
183 , MAJOR CHEST TRAUMA W MCC
734 ," PELVIC EVISCERATION, RAD HYSTERECTOMY & RAD VULVECTOMY W CC/MCC"
089 , CONCUSSION W CC
479 , BIOPSIES OF MUSCULOSKELETAL SYSTEM & CONNECTIVE TISSUE W/O CC/MCC
565 , OTHER MUSCULOSKELETAL SYS & CONNECTIVE TISSUE DIAGNOSES W CC
502 , SOFT TISSUE PROCEDURES W/O CC/MCC
185 , MAJOR CHEST TRAUMA W/O CC/MCC
626 ," THYROID, PARATHYROID & THYROGLOSSAL PROCEDURES W CC"
653 , MAJOR BLADDER PROCEDURES W MCC
843 , OTHER MYELOPROLIF DIS OR POORLY DIFF NEOPL DIAG W MCC
577 , SKIN GRAFT EXC FOR SKIN ULCER OR CELLULITIS W CC
661 , KIDNEY & URETER PROCEDURES FOR NON
700 , OTHER KIDNEY & URINARY TRACT DIAGNOSES W/O CC/MCC
343 , APPENDECTOMY W/O COMPLICATED PRINCIPAL DIAG W/O CC/MCC
352 , INGUINAL & FEMORAL HERNIA PROCEDURES W/O CC/MCC
307 , CARDIAC CONGENITAL & VALVULAR DISORDERS W/O MCC
351 , INGUINAL & FEMORAL HERNIA PROCEDURES W CC
474 , AMPUTATION FOR MUSCULOSKELETAL SYS & CONN TISSUE DIS W MCC
477 , BIOPSIES OF MUSCULOSKELETAL SYSTEM & CONNECTIVE TISSUE W MCC
486 , KNEE PROCEDURES W PDX OF INFECTION W CC
488 , KNEE PROCEDURES W/O PDX OF INFECTION W CC/MCC
553 , BONE DISEASES & ARTHROPATHIES W MCC
564 , OTHER MUSCULOSKELETAL SYS & CONNECTIVE TISSUE DIAGNOSES W MCC
615 , ADRENAL & PITUITARY PROCEDURES W/O CC/MCC
668 , TRANSURETHRAL PROCEDURES W MCC
717 , OTHER MALE REPRODUCTIVE SYSTEM O.R. PROC EXC MALIGNANCY W CC/MCC
865 , VIRAL ILLNESS W MCC
977 , HIV W OR W/O OTHER RELATED CONDITION
718 , OTHER MALE REPRODUCTIVE SYSTEM O.R. PROC EXC MALIGNANCY W/O CC/MCC
063 , ACUTE ISCHEMIC STROKE W USE OF THROMBOLYTIC AGENT W/O CC/MCC
835 , ACUTE LEUKEMIA W/O MAJOR O.R. PROCEDURE W CC
059 , MULTIPLE SCLEROSIS & CEREBELLAR ATAXIA W CC
868 , OTHER INFECTIOUS & PARASITIC DISEASES DIAGNOSES W CC
887 , OTHER MENTAL DISORDER DIAGNOSES
125 , OTHER DISORDERS OF THE EYE W/O MCC
154 ," OTHER EAR, NOSE, MOUTH & THROAT DIAGNOSES W MCC"
155 ," OTHER EAR, NOSE, MOUTH & THROAT DIAGNOSES W CC"
260 , CARDIAC PACEMAKER REVISION EXCEPT DEVICE REPLACEMENT W MCC
339 , APPENDECTOMY W COMPLICATED PRINCIPAL DIAG W CC
353 , HERNIA PROCEDURES EXCEPT INGUINAL & FEMORAL W MCC
368 , MAJOR ESOPHAGEAL DISORDERS W MCC
500 , SOFT TISSUE PROCEDURES W MCC
511 ," SHOULDER,ELBOW OR FOREARM PROC,EXC MAJOR JOINT PROC W CC"
596 , MAJOR SKIN DISORDERS W/O MCC
755 ," MALIGNANCY, FEMALE REPRODUCTIVE SYSTEM W CC"
867 , OTHER INFECTIOUS & PARASITIC DISEASES DIAGNOSES W MCC
869 , OTHER INFECTIOUS & PARASITIC DISEASES DIAGNOSES W/O CC/MCC
060 , MULTIPLE SCLEROSIS & CEREBELLAR ATAXIA W/O CC/MCC
151 , EPISTAXIS W/O MCC
156 ," OTHER EAR, NOSE, MOUTH & THROAT DIAGNOSES W/O CC/MCC"
158 , DENTAL & ORAL DISEASES W CC
415 , CHOLECYSTECTOMY EXCEPT BY LAPAROSCOPE W/O C.D.E. W CC
540 , OSTEOMYELITIS W CC
616 ," AMPUTAT OF LOWER LIMB FOR ENDOCRINE,NUTRIT,& METABOL DIS W MCC"
008 , SIMULTANEOUS PANCREAS/KIDNEY TRANSPLANT
030 , SPINAL PROCEDURES W/O CC/MCC
574 , SKIN GRAFT FOR SKIN ULCER OR CELLULITIS W CC
224 , CARDIAC DEFIB IMPLANT W CARDIAC CATH W/O AMI/HF/SHOCK W MCC
245 , AICD GENERATOR PROCEDURES
296 ," CARDIAC ARREST, UNEXPLAINED W MCC"
078 , HYPERTENSIVE ENCEPHALOPATHY W CC
123 , NEUROLOGICAL EYE DISORDERS
385 , INFLAMMATORY BOWEL DISEASE W MCC
387 , INFLAMMATORY BOWEL DISEASE W/O CC/MCC
504 , FOOT PROCEDURES W CC
510 ," SHOULDER,ELBOW OR FOREARM PROC,EXC MAJOR JOINT PROC W MCC"
512 ," SHOULDER,ELBOW OR FOREARM PROC,EXC MAJOR JOINT PROC W/O CC/MCC"
514 ," HAND OR WRIST PROC, EXCEPT MAJOR THUMB OR JOINT PROC W/O CC/MCC"
539 , OSTEOMYELITIS W MCC
555 , SIGNS & SYMPTOMS OF MUSCULOSKELETAL SYSTEM & CONN TISSUE W MCC
559 ," AFTERCARE, MUSCULOSKELETAL SYSTEM & CONNECTIVE TISSUE W MCC"
597 , MALIGNANT BREAST DISORDERS W MCC
598 , MALIGNANT BREAST DISORDERS W CC
604 ," TRAUMA TO THE SKIN, SUBCUT TISS & BREAST W MCC"
606 , MINOR SKIN DISORDERS W MCC
666 , PROSTATECTOMY W CC
670 , TRANSURETHRAL PROCEDURES W/O CC/MCC
727 , INFLAMMATION OF THE MALE REPRODUCTIVE SYSTEM W MCC
736 , UTERINE & ADNEXA PROC FOR OVARIAN OR ADNEXAL MALIGNANCY W MCC
754 ," MALIGNANCY, FEMALE REPRODUCTIVE SYSTEM W MCC"
760 , MENSTRUAL & OTHER FEMALE REPRODUCTIVE SYSTEM DISORDERS W CC/MCC
815 , RETICULOENDOTHELIAL & IMMUNITY DISORDERS W CC
816 , RETICULOENDOTHELIAL & IMMUNITY DISORDERS W/O CC/MCC
820 , LYMPHOMA & LEUKEMIA W MAJOR O.R. PROCEDURE W MCC
914 , TRAUMATIC INJURY W/O MCC
139 , SALIVARY GLAND PROCEDURES
655 , MAJOR BLADDER PROCEDURES W/O CC/MCC
876 , O.R. PROCEDURE W PRINCIPAL DIAGNOSES OF MENTAL ILLNESS
921 , COMPLICATIONS OF TREATMENT W/O CC/MCC
593 , SKIN ULCERS W CC
042 , PERIPH/CRANIAL NERVE & OTHER NERV SYST PROC W/O CC/MCC
561 ," AFTERCARE, MUSCULOSKELETAL SYSTEM & CONNECTIVE TISSUE W/O CC/MCC"
839 , CHEMO W ACUTE LEUKEMIA AS SDX W/O CC/MCC
115 , EXTRAOCULAR PROCEDURES EXCEPT ORBIT
340 , APPENDECTOMY W COMPLICATED PRINCIPAL DIAG W/O CC/MCC
929 , FULL THICKNESS BURN W SKIN GRAFT OR INHAL INJ W/O CC/MCC
829 , MYELOPROLIFERATIVE DISORDERS OR POORLY DIFFERENTIATED NEOPLASMS W OT
849 , RADIOTHERAPY
746 ," VAGINA, CERVIX & VULVA PROCEDURES W CC/MCC"
090 , CONCUSSION W/O CC/MCC
058 , MULTIPLE SCLEROSIS & CEREBELLAR ATAXIA W MCC
747 ," VAGINA, CERVIX & VULVA PROCEDURES W/O CC/MCC"
443 ," DISORDERS OF LIVER EXCEPT MALIG,CIRR,ALC HEPA W/O CC/MCC"
693 , URINARY STONES W/O ESW LITHOTRIPSY W MCC
416 , CHOLECYSTECTOMY EXCEPT BY LAPAROSCOPE W/O C.D.E. W/O CC/MCC
945 , REHABILITATION W CC/MCC
437 , MALIGNANCY OF HEPATOBILIARY SYSTEM OR PANCREAS W/O CC/MCC
585 ," BREAST BIOPSY, LOCAL EXCISION & OTHER BREAST PROCEDURES W/O CC/MCC"
687 , KIDNEY & URINARY TRACT NEOPLASMS W CC
950 , AFTERCARE W/O CC/MCC
946 , REHABILITATION W/O CC/MCC
726 , BENIGN PROSTATIC HYPERTROPHY W/O MCC
052 , SPINAL DISORDERS & INJURIES W CC/MCC
053 , SPINAL DISORDERS & INJURIES W/O CC/MCC
423 , OTHER HEPATOBILIARY OR PANCREAS O.R. PROCEDURES W MCC
578 , SKIN GRAFT EXC FOR SKIN ULCER OR CELLULITIS W/O CC/MCC
624 ," SKIN GRAFTS & WOUND DEBRID FOR ENDOC, NUTRIT & METAB DIS W/O CC/MCC"
844 , OTHER MYELOPROLIF DIS OR POORLY DIFF NEOPL DIAG W CC
114 , ORBITAL PROCEDURES W/O CC/MCC
117 , INTRAOCULAR PROCEDURES W/O CC/MCC
147 ," EAR, NOSE, MOUTH & THROAT MALIGNANCY W CC"
408 , BILIARY TRACT PROC EXCEPT ONLY CHOLECYST W OR W/O C.D.E. W MCC
774 , VAGINAL DELIVERY W COMPLICATING DIAGNOSES
583 , MASTECTOMY FOR MALIGNANCY W/O CC/MCC
137 , MOUTH PROCEDURES W CC/MCC
595 , MAJOR SKIN DISORDERS W MCC
513 ," HAND OR WRIST PROC, EXCEPT MAJOR THUMB OR JOINT PROC W CC/MCC"
157 , DENTAL & ORAL DISEASES W MCC
348 , ANAL & STOMAL PROCEDURES W CC
496 , LOCAL EXCISION & REMOVAL INT FIX DEVICES EXC HIP & FEMUR W CC
497 , LOCAL EXCISION & REMOVAL INT FIX DEVICES EXC HIP & FEMUR W/O CC/MCC
814 , RETICULOENDOTHELIAL & IMMUNITY DISORDERS W MCC
828 , MYELOPROLIF DISORD OR POORLY DIFF NEOPL W MAJ O.R. PROC W/O CC/MCC
842 , LYMPHOMA & NON
941 , O.R. PROC W DIAGNOSES OF OTHER CONTACT W HEALTH SERVICES W/O CC/MCC
231 , CORONARY BYPASS W PTCA W MCC
262 , CARDIAC PACEMAKER REVISION EXCEPT DEVICE REPLACEMENT W/O CC/MCC
735 ," PELVIC EVISCERATION, RAD HYSTERECTOMY & RAD VULVECTOMY W/O CC/MCC"
901 , WOUND DEBRIDEMENTS FOR INJURIES W MCC
259 , CARDIAC PACEMAKER DEVICE REPLACEMENT W/O MCC
989 , NON
097 , NON
222 , CARDIAC DEFIB IMPLANT W CARDIAC CATH W AMI/HF/SHOCK W MCC
420 , HEPATOBILIARY DIAGNOSTIC PROCEDURES W MCC
625 ," THYROID, PARATHYROID & THYROGLOSSAL PROCEDURES W MCC"
951 , OTHER FACTORS INFLUENCING HEALTH STATUS
132 , CRANIAL/FACIAL PROCEDURES W/O CC/MCC
934 , FULL THICKNESS BURN W/O SKIN GRFT OR INHAL INJ
619 , O.R. PROCEDURES FOR OBESITY W MCC
622 ," SKIN GRAFTS & WOUND DEBRID FOR ENDOC, NUTRIT & METAB DIS W MCC"
098 , NON
744 ," D&C, CONIZATION, LAPAROSCOPY & TUBAL INTERRUPTION W CC/MCC"
102 , HEADACHES W MCC
547 , CONNECTIVE TISSUE DISORDERS W/O CC/MCC
255 , UPPER LIMB & TOE AMPUTATION FOR CIRC SYSTEM DISORDERS W MCC
414 , CHOLECYSTECTOMY EXCEPT BY LAPAROSCOPE W/O C.D.E. W MCC
077 , HYPERTENSIVE ENCEPHALOPATHY W MCC
256 , UPPER LIMB & TOE AMPUTATION FOR CIRC SYSTEM DISORDERS W CC
686 , KIDNEY & URINARY TRACT NEOPLASMS W MCC
766 , CESAREAN SECTION W/O CC/MCC
201 , PNEUMOTHORAX W/O CC/MCC
198 , INTERSTITIAL LUNG DISEASE W/O CC/MCC
